<?xml version="1.0" encoding="UTF-8"?>
<project-private xmlns="http://www.netbeans.org/ns/project-private/1">
    <editor-bookmarks xmlns="http://www.netbeans.org/ns/editor-bookmarks/2" lastBookmarkId="0"/>
    <open-files xmlns="http://www.netbeans.org/ns/projectui-open-files/2">
        <group>
            <file>file:/C:/xampp/htdocs/Nerytec/liste.php</file>
            <file>file:/C:/xampp/htdocs/Nerytec/assets/css/Pretty-Search-Form.css</file>
            <file>file:/C:/xampp/htdocs/Nerytec/nbproject/project.xml</file>
            <file>file:/C:/xampp/htdocs/Nerytec/index.php</file>
            <file>file:/C:/xampp/htdocs/Nerytec/FonctionAddRappel.php</file>
            <file>file:/C:/xampp/htdocs/Nerytec/transfert.php</file>
            <file>file:/C:/xampp/htdocs/Nerytec/Ajouter.php</file>
            <file>file:/C:/xampp/htdocs/Nerytec/assets/css/CanitoFormularioCompra2.css</file>
            <file>file:/C:/xampp/htdocs/Nerytec/FonctionRecherche.php</file>
            <file>file:/C:/xampp/htdocs/Nerytec/assets/bootstrap/css/bootstrap.min.css</file>
            <file>file:/C:/xampp/htdocs/Nerytec/assets/css/styles.css</file>
            <file>file:/C:/xampp/htdocs/Nerytec/FonctionAjoutCV.php</file>
            <file>file:/C:/xampp/htdocs/Nerytec/assets/css/Google-Style-Login.css</file>
            <file>file:/C:/xampp/htdocs/Nerytec/ChercherCV.php</file>
            <file>file:/C:/xampp/htdocs/Nerytec/assets/css/Login-Form-Clean.css</file>
            <file>file:/C:/xampp/htdocs/Nerytec/apercu.php</file>
            <file>file:/C:/xampp/htdocs/Nerytec/Afficher.php</file>
            <file>file:/C:/xampp/htdocs/Nerytec/AjoutImage.php</file>
            <file>file:/C:/xampp/htdocs/Nerytec/choix.php</file>
            <file>file:/C:/xampp/htdocs/Nerytec/LoginFonction.php</file>
            <file>file:/C:/xampp/htdocs/Nerytec/connexion.php</file>
            <file>file:/C:/xampp/htdocs/Nerytec/FonctionSuppCV.php</file>
        </group>
    </open-files>
</project-private>
